X,Y,Z,Log_X,Sqrt_Y,Squared_Z
38,3,45,3.6375861597263857,1.7320508075688772,2025
1,44,47,0.0,6.6332495807108,2209
43,48,2,3.7612001156935624,6.928203230275509,4
12,5,16,2.4849066497880004,2.23606797749979,256
37,36,28,3.6109179126442243,6.0,784
